INSERT INTO ristorante
VALUES ('03398620652', 'AGRIPAESTUM', 'CAPACCIO PAESTUM', 'VIA MAGNA GRAECIA', '84047', '3683549751', '250', 'RUSSO FRANCO'),
	   ('02663630610', 'ANGOLO DIVINO', 'ALTAVILLA SILENTINA', 'VIA CERROCUPO', '84045', '3542201456', '80', 'PACIFICO AMEDEO'),
       ('03652740659', 'RISTORANTE PERROTTA', 'EBOLI', 'VIA PAPARONE', '84025', '3398457654', '100', 'MAIALE PASQUALE');
       
INSERT INTO raider
VALUES ('SPRMTT00A24D320D', 'MATTEO', 'SAPERE', '2019-12-19', 'DISPONIBILE'),
       ('CCLMTT89A14D390G', 'MATTIA', 'CICALESE', '2016-07-18', 'DISPONIBILE'),
       ('VLZGSP10A04D351D', 'GIUSEPPE', 'VOLZONE', '2010-04-14', 'NON DISPONIBILE');
       
INSERT INTO dipendente
VALUES ('NSTSMN86A25D390G', 'SIMONE', 'ONESTI', 'Ho lavorato come pescaiolo per 3 anni', '2'),   
	   ('MTRMRC99A17D190G', 'MARCO', 'MATRONE','Laureato in scienze della comunicazione, postino per 2 anni','1'),
       ('CLBDVD74A29D390G', 'DAVIDE', 'CALABRESE', 'Ho fatto il meccanico per 5 anni', '10');

INSERT INTO società
VALUES ('03251810655', 'GIGINO DELIVERY', 'LUIGI DE BONIS'),
       ('04359120658', 'CONSEGNA PRONTA', 'LUCA MORANDI'),
       ('03964190650', 'A CASA CON AMORE', 'GIORGIO MASTROTA');
       
INSERT INTO cliente
VALUES ('NGRLBR94A31D390G', 'ALBERTO', 'NEGRI', '1994-07-14', '3663987010', '2020-11-12', 'SPRMTT00A24D320D', '3', '2020-11-12'),
	   ('BSCRFF86A24D390G', 'RAFFAELE', 'BISCONTI', '1986-03-19', '3456585546', '2020-11-11', 'CCLMTT89A14D390G', '4', '2020-11-11'),
       ('MSCGRM71A23D390G', 'GERMANO', 'MOSCONI', '1976-12-17', '3334565879', '2020-11-10', 'VLZGSP10A04D351D', '5', '2020-11-10');
   
INSERT INTO ordine
VALUES ('05121', 'Hamburger con patatine e salse', '2020-11-04', 'CONSEGNATO', 'GOURMET', '50', '03398620652'), 
	   ('05122', 'Pizza Margherita', '2020-11-05', 'CONSEGNATO', 'PIZZA', '24', '02663630610'),
       ('05123', 'Gelato Pistacchio', '2020-11-07', 'CONSEGNATO', 'DOLCE', '50', '03652740659');

INSERT INTO consegna
VALUES ('NGRLBR94A31D390G', '05121', '20:04', '20:06', 'MATTEO SAPERE'),
	   ('BSCRFF86A24D390G', '05122', '19:54', '19:56', 'MATTIA CICALESE'),
       ('MSCGRM71A23D390G', '05122', '21:03', '21:08', 'GIUSEPPE VOLZONE');
       
INSERT INTO servizio
VALUES ('8475', 'Consegna del ristorante', '2020-11-04', 'MARTEDI-DOMENICA', '03251810655'),       
	   ('8672', 'Consegna affidata ad una società di delivery', '2020-11-20', 'LUNEDI-SABATO', '04359120658'),
	   ('9835', 'Consegna affidata ad una società di delivery','2020-11-01', 'LUNEDI-DOMENICA', '03964190650');
		
INSERT INTO riferimento
VALUES ('03398620652', '8475'),
	   ('02663630610', '8672'),
       ('03652740659', '9835');
      
INSERT INTO automobile
VALUES ('AL371GV', 'FIAT BRAVA', 'SPRMTT00A24D320D'),
       ('BX833VW', 'SUZUKI VITARA', 'CCLMTT89A14D390G'),
       ('FD786HX', 'FIAT PANDA', 'VLZGSP10A04D351D');
       
INSERT INTO assunzione
VALUES ('NSTSMN86A25D390G', '8475', 'PART-TIME', '2016-01-16'),
       ('MTRMRC99A17D190G', '8672', 'TEMPO INDETERMINATO', '2014-02-14'),
	   ('CLBDVD74A29D390G', '9835', 'TEMPO INDETERMINATO', '2019-08-19');
       
INSERT INTO impiego
VALUES ('03251810655', 'SPRMTT00A24D320D', '8.50', '2018-12-17'),  
       ('04359120658', 'CCLMTT89A14D390G', '7', '2015-06-07'),
       ('03964190650', 'VLZGSP10A04D351D', '5', '2019-10-18');
       